,id,word,frequency,duration,reaction_time,response
0,35,margriet,LF,0.6709297052154195,0.820919300080277,z
1,143,rakot,none,0.6866439909297052,0.9675929999211803,m
2,146,gewunnen,none,0.5544671201814059,0.8624549000523984,m
3,137,smaan,none,0.5507256235827664,0.9228079000022262,m
4,144,ant,none,0.4819501133786848,0.980676700011827,m
5,120,verke,none,0.5179818594104308,1.0014807999832556,m
6,125,kabrieken,none,0.5446485260770975,0.8512051000725478,m
7,152,grede,none,0.5429478458049887,0.8891274000052363,m
